timestamp,open,high,low,close,volume
2025-01-02 09:00:00,2630.0000,2630.1600,2629.9400,2630.1000,50
2025-01-02 09:01:00,2630.1000,2630.2600,2630.0400,2630.2000,50
2025-01-02 09:02:00,2630.2000,2630.3600,2630.1400,2630.3000,50
2025-01-02 09:03:00,2630.3000,2630.4600,2630.2400,2630.4000,50
2025-01-02 09:04:00,2630.4000,2630.5600,2630.3400,2630.5000,50
2025-01-02 09:05:00,2630.5000,2630.6600,2630.4400,2630.6000,50
2025-01-02 09:06:00,2630.6000,2630.7600,2630.5400,2630.7000,50
2025-01-02 09:07:00,2630.7000,2630.8600,2630.6400,2630.8000,50
2025-01-02 09:08:00,2630.8000,2630.9600,2630.7400,2630.9000,50
2025-01-02 09:09:00,2630.9000,2631.0600,2630.8400,2631.0000,50
2025-01-02 09:10:00,2631.0000,2631.1600,2630.9400,2631.1000,50
2025-01-02 09:11:00,2631.1000,2631.2600,2631.0400,2631.2000,50
2025-01-02 09:12:00,2631.2000,2631.3600,2631.1400,2631.3000,50
2025-01-02 09:13:00,2631.3000,2631.4600,2631.2400,2631.4000,50
2025-01-02 09:14:00,2631.4000,2631.5600,2631.3400,2631.5000,50
2025-01-02 09:15:00,2631.5000,2631.6600,2631.4400,2631.6000,50
2025-01-02 09:16:00,2631.6000,2631.7600,2631.5400,2631.7000,50
2025-01-02 09:17:00,2631.7000,2631.8600,2631.6400,2631.8000,50
2025-01-02 09:18:00,2631.8000,2631.9600,2631.7400,2631.9000,50
2025-01-02 09:19:00,2631.9000,2632.0600,2631.8400,2632.0000,50
2025-01-02 09:20:00,2632.0000,2632.1600,2631.9400,2632.1000,50
2025-01-02 09:21:00,2632.1000,2632.2600,2632.0400,2632.2000,50
2025-01-02 09:22:00,2632.2000,2632.3600,2632.1400,2632.3000,50
2025-01-02 09:23:00,2632.3000,2632.4600,2632.2400,2632.4000,50
2025-01-02 09:24:00,2632.4000,2632.5600,2632.3400,2632.5000,50
2025-01-02 09:25:00,2632.5000,2632.6600,2632.4400,2632.6000,50
2025-01-02 09:26:00,2632.6000,2632.7600,2632.5400,2632.7000,50
2025-01-02 09:27:00,2632.7000,2632.8600,2632.6400,2632.8000,50
2025-01-02 09:28:00,2632.8000,2632.9600,2632.7400,2632.9000,50
2025-01-02 09:29:00,2632.9000,2633.0600,2632.8400,2633.0000,50
2025-01-02 09:30:00,2633.0000,2633.1600,2632.9400,2633.1000,50
2025-01-02 09:31:00,2633.1000,2633.2600,2633.0400,2633.2000,50
2025-01-02 09:32:00,2633.2000,2633.3600,2633.1400,2633.3000,50
2025-01-02 09:33:00,2633.3000,2633.4600,2633.2400,2633.4000,50
2025-01-02 09:34:00,2633.4000,2633.5600,2633.3400,2633.5000,50
2025-01-02 09:35:00,2633.5000,2633.6600,2633.4400,2633.6000,50
2025-01-02 09:36:00,2633.6000,2633.7600,2633.5400,2633.7000,50
2025-01-02 09:37:00,2633.7000,2633.8600,2633.6400,2633.8000,50
2025-01-02 09:38:00,2633.8000,2633.9600,2633.7400,2633.9000,50
2025-01-02 09:39:00,2633.9000,2634.0600,2633.8400,2634.0000,50
2025-01-02 09:40:00,2634.0000,2634.1600,2633.9400,2634.1000,50
2025-01-02 09:41:00,2634.1000,2634.2600,2634.0400,2634.2000,50
2025-01-02 09:42:00,2634.2000,2634.3600,2634.1400,2634.3000,50
2025-01-02 09:43:00,2634.3000,2634.4600,2634.2400,2634.4000,50
2025-01-02 09:44:00,2634.4000,2634.5600,2634.3400,2634.5000,50
2025-01-02 09:45:00,2634.5000,2634.6600,2634.4400,2634.6000,50
2025-01-02 09:46:00,2634.6000,2634.7600,2634.5400,2634.7000,50
2025-01-02 09:47:00,2634.7000,2634.8600,2634.6400,2634.8000,50
2025-01-02 09:48:00,2634.8000,2634.9600,2634.7400,2634.9000,50
2025-01-02 09:49:00,2634.9000,2635.0600,2634.8400,2635.0000,50
2025-01-02 09:50:00,2635.0000,2635.1600,2634.9400,2635.1000,50
2025-01-02 09:51:00,2635.1000,2635.2600,2635.0400,2635.2000,50
2025-01-02 09:52:00,2635.2000,2635.3600,2635.1400,2635.3000,50
2025-01-02 09:53:00,2635.3000,2635.4600,2635.2400,2635.4000,50
2025-01-02 09:54:00,2635.4000,2635.5600,2635.3400,2635.5000,50
2025-01-02 09:55:00,2635.5000,2635.6600,2635.4400,2635.6000,50
2025-01-02 09:56:00,2635.6000,2635.7600,2635.5400,2635.7000,50
2025-01-02 09:57:00,2635.7000,2635.8600,2635.6400,2635.8000,50
2025-01-02 09:58:00,2635.8000,2635.9600,2635.7400,2635.9000,50
2025-01-02 09:59:00,2635.9000,2636.0600,2635.8400,2636.0000,50
2025-01-02 10:00:00,2636.0000,2636.1600,2635.9400,2636.1000,50
2025-01-02 10:01:00,2636.1000,2636.2600,2636.0400,2636.2000,50
2025-01-02 10:02:00,2636.2000,2636.3600,2636.1400,2636.3000,50
2025-01-02 10:03:00,2636.3000,2636.4600,2636.2400,2636.4000,50
2025-01-02 10:04:00,2636.4000,2636.5600,2636.3400,2636.5000,50
2025-01-02 10:05:00,2636.5000,2636.6600,2636.4400,2636.6000,50
2025-01-02 10:06:00,2636.6000,2636.7600,2636.5400,2636.7000,50
2025-01-02 10:07:00,2636.7000,2636.8600,2636.6400,2636.8000,50
2025-01-02 10:08:00,2636.8000,2636.9600,2636.7400,2636.9000,50
2025-01-02 10:09:00,2636.9000,2637.0600,2636.8400,2637.0000,50
2025-01-02 10:10:00,2637.0000,2637.1600,2636.9400,2637.1000,50
2025-01-02 10:11:00,2637.1000,2637.2600,2637.0400,2637.2000,50
2025-01-02 10:12:00,2637.2000,2637.3600,2637.1400,2637.3000,50
2025-01-02 10:13:00,2637.3000,2637.4600,2637.2400,2637.4000,50
2025-01-02 10:14:00,2637.4000,2637.5600,2637.3400,2637.5000,50
2025-01-02 10:15:00,2637.5000,2637.6600,2637.4400,2637.6000,50
2025-01-02 10:16:00,2637.6000,2637.7600,2637.5400,2637.7000,50
2025-01-02 10:17:00,2637.7000,2637.8600,2637.6400,2637.8000,50
2025-01-02 10:18:00,2637.8000,2637.9600,2637.7400,2637.9000,50
2025-01-02 10:19:00,2637.9000,2638.0600,2637.8400,2638.0000,50
2025-01-02 10:20:00,2638.0000,2638.1600,2637.9400,2638.1000,50
2025-01-02 10:21:00,2638.1000,2638.2600,2638.0400,2638.2000,50
2025-01-02 10:22:00,2638.2000,2638.3600,2638.1400,2638.3000,50
2025-01-02 10:23:00,2638.3000,2638.4600,2638.2400,2638.4000,50
2025-01-02 10:24:00,2638.4000,2638.5600,2638.3400,2638.5000,50
2025-01-02 10:25:00,2638.5000,2638.6600,2638.4400,2638.6000,50
2025-01-02 10:26:00,2638.6000,2638.7600,2638.5400,2638.7000,50
2025-01-02 10:27:00,2638.7000,2638.8600,2638.6400,2638.8000,50
2025-01-02 10:28:00,2638.8000,2638.9600,2638.7400,2638.9000,50
2025-01-02 10:29:00,2638.9000,2639.0600,2638.8400,2639.0000,50
2025-01-02 10:30:00,2639.0000,2639.1600,2638.9400,2639.1000,50
2025-01-02 10:31:00,2639.1000,2639.2600,2639.0400,2639.2000,50
2025-01-02 10:32:00,2639.2000,2639.3600,2639.1400,2639.3000,50
2025-01-02 10:33:00,2639.3000,2639.4600,2639.2400,2639.4000,50
2025-01-02 10:34:00,2639.4000,2639.5600,2639.3400,2639.5000,50
2025-01-02 10:35:00,2639.5000,2639.6600,2639.4400,2639.6000,50
2025-01-02 10:36:00,2639.6000,2639.7600,2639.5400,2639.7000,50
2025-01-02 10:37:00,2639.7000,2639.8600,2639.6400,2639.8000,50
2025-01-02 10:38:00,2639.8000,2639.9600,2639.7400,2639.9000,50
2025-01-02 10:39:00,2639.9000,2640.0600,2639.8400,2640.0000,50
2025-01-02 10:40:00,2640.0000,2640.1600,2639.9400,2640.1000,50
2025-01-02 10:41:00,2640.1000,2640.2600,2640.0400,2640.2000,50
2025-01-02 10:42:00,2640.2000,2640.3600,2640.1400,2640.3000,50
2025-01-02 10:43:00,2640.3000,2640.4600,2640.2400,2640.4000,50
2025-01-02 10:44:00,2640.4000,2640.5600,2640.3400,2640.5000,50
2025-01-02 10:45:00,2640.5000,2640.6600,2640.4400,2640.6000,50
2025-01-02 10:46:00,2640.6000,2640.7600,2640.5400,2640.7000,50
2025-01-02 10:47:00,2640.7000,2640.8600,2640.6400,2640.8000,50
2025-01-02 10:48:00,2640.8000,2640.9600,2640.7400,2640.9000,50
2025-01-02 10:49:00,2640.9000,2641.0600,2640.8400,2641.0000,50
2025-01-02 10:50:00,2641.0000,2641.1600,2640.9400,2641.1000,50
2025-01-02 10:51:00,2641.1000,2641.2600,2641.0400,2641.2000,50
2025-01-02 10:52:00,2641.2000,2641.3600,2641.1400,2641.3000,50
2025-01-02 10:53:00,2641.3000,2641.4600,2641.2400,2641.4000,50
2025-01-02 10:54:00,2641.4000,2641.5600,2641.3400,2641.5000,50
2025-01-02 10:55:00,2641.5000,2641.6600,2641.4400,2641.6000,50
2025-01-02 10:56:00,2641.6000,2641.7600,2641.5400,2641.7000,50
2025-01-02 10:57:00,2641.7000,2641.8600,2641.6400,2641.8000,50
2025-01-02 10:58:00,2641.8000,2641.9600,2641.7400,2641.9000,50
2025-01-02 10:59:00,2641.9000,2642.0600,2641.8400,2642.0000,50
2025-01-02 11:00:00,2642.0000,2642.1600,2641.9400,2642.1000,50
2025-01-02 11:01:00,2642.1000,2642.2600,2642.0400,2642.2000,50
2025-01-02 11:02:00,2642.2000,2642.3600,2642.1400,2642.3000,50
2025-01-02 11:03:00,2642.3000,2642.4600,2642.2400,2642.4000,50
2025-01-02 11:04:00,2642.4000,2642.5600,2642.3400,2642.5000,50
2025-01-02 11:05:00,2642.5000,2642.6600,2642.4400,2642.6000,50
2025-01-02 11:06:00,2642.6000,2642.7600,2642.5400,2642.7000,50
2025-01-02 11:07:00,2642.7000,2642.8600,2642.6400,2642.8000,50
2025-01-02 11:08:00,2642.8000,2642.9600,2642.7400,2642.9000,50
2025-01-02 11:09:00,2642.9000,2643.0600,2642.8400,2643.0000,50
2025-01-02 11:10:00,2643.0000,2643.1600,2642.9400,2643.1000,50
2025-01-02 11:11:00,2643.1000,2643.2600,2643.0400,2643.2000,50
2025-01-02 11:12:00,2643.2000,2643.3600,2643.1400,2643.3000,50
2025-01-02 11:13:00,2643.3000,2643.4600,2643.2400,2643.4000,50
2025-01-02 11:14:00,2643.4000,2643.5600,2643.3400,2643.5000,50
2025-01-02 11:15:00,2643.5000,2643.6600,2643.4400,2643.6000,50
2025-01-02 11:16:00,2643.6000,2643.7600,2643.5400,2643.7000,50
2025-01-02 11:17:00,2643.7000,2643.8600,2643.6400,2643.8000,50
2025-01-02 11:18:00,2643.8000,2643.9600,2643.7400,2643.9000,50
2025-01-02 11:19:00,2643.9000,2644.0600,2643.8400,2644.0000,50
2025-01-02 11:20:00,2644.0000,2644.1600,2643.9400,2644.1000,50
2025-01-02 11:21:00,2644.1000,2644.2600,2644.0400,2644.2000,50
2025-01-02 11:22:00,2644.2000,2644.3600,2644.1400,2644.3000,50
2025-01-02 11:23:00,2644.3000,2644.4600,2644.2400,2644.4000,50
2025-01-02 11:24:00,2644.4000,2644.5600,2644.3400,2644.5000,50
2025-01-02 11:25:00,2644.5000,2644.6600,2644.4400,2644.6000,50
2025-01-02 11:26:00,2644.6000,2644.7600,2644.5400,2644.7000,50
2025-01-02 11:27:00,2644.7000,2644.8600,2644.6400,2644.8000,50
2025-01-02 11:28:00,2644.8000,2644.9600,2644.7400,2644.9000,50
2025-01-02 11:29:00,2644.9000,2645.0600,2644.8400,2645.0000,50
2025-01-02 11:30:00,2645.0000,2645.1600,2644.9400,2645.1000,50
2025-01-02 11:31:00,2645.1000,2645.2600,2645.0400,2645.2000,50
2025-01-02 11:32:00,2645.2000,2645.3600,2645.1400,2645.3000,50
2025-01-02 11:33:00,2645.3000,2645.4600,2645.2400,2645.4000,50
2025-01-02 11:34:00,2645.4000,2645.5600,2645.3400,2645.5000,50
2025-01-02 11:35:00,2645.5000,2645.6600,2645.4400,2645.6000,50
2025-01-02 11:36:00,2645.6000,2645.7600,2645.5400,2645.7000,50
2025-01-02 11:37:00,2645.7000,2645.8600,2645.6400,2645.8000,50
2025-01-02 11:38:00,2645.8000,2645.9600,2645.7400,2645.9000,50
2025-01-02 11:39:00,2645.9000,2646.0600,2645.8400,2646.0000,50
2025-01-02 11:40:00,2646.0000,2646.1600,2645.9400,2646.1000,50
2025-01-02 11:41:00,2646.1000,2646.2600,2646.0400,2646.2000,50
2025-01-02 11:42:00,2646.2000,2646.3600,2646.1400,2646.3000,50
2025-01-02 11:43:00,2646.3000,2646.4600,2646.2400,2646.4000,50
2025-01-02 11:44:00,2646.4000,2646.5600,2646.3400,2646.5000,50
2025-01-02 11:45:00,2646.5000,2646.6600,2646.4400,2646.6000,50
2025-01-02 11:46:00,2646.6000,2646.7600,2646.5400,2646.7000,50
2025-01-02 11:47:00,2646.7000,2646.8600,2646.6400,2646.8000,50
2025-01-02 11:48:00,2646.8000,2646.9600,2646.7400,2646.9000,50
2025-01-02 11:49:00,2646.9000,2647.0600,2646.8400,2647.0000,50
2025-01-02 11:50:00,2647.0000,2647.1600,2646.9400,2647.1000,50
2025-01-02 11:51:00,2647.1000,2647.2600,2647.0400,2647.2000,50
2025-01-02 11:52:00,2647.2000,2647.3600,2647.1400,2647.3000,50
2025-01-02 11:53:00,2647.3000,2647.4600,2647.2400,2647.4000,50
2025-01-02 11:54:00,2647.4000,2647.5600,2647.3400,2647.5000,50
2025-01-02 11:55:00,2647.5000,2647.6600,2647.4400,2647.6000,50
2025-01-02 11:56:00,2647.6000,2647.7600,2647.5400,2647.7000,50
2025-01-02 11:57:00,2647.7000,2647.8600,2647.6400,2647.8000,50
2025-01-02 11:58:00,2647.8000,2647.9600,2647.7400,2647.9000,50
2025-01-02 11:59:00,2647.9000,2648.0600,2647.8400,2648.0000,50
2025-01-02 12:00:00,2648.0000,2648.1600,2647.9400,2648.1000,50
2025-01-02 12:01:00,2648.1000,2648.2600,2648.0400,2648.2000,50
2025-01-02 12:02:00,2648.2000,2648.3600,2648.1400,2648.3000,50
2025-01-02 12:03:00,2648.3000,2648.4600,2648.2400,2648.4000,50
2025-01-02 12:04:00,2648.4000,2648.5600,2648.3400,2648.5000,50
2025-01-02 12:05:00,2648.5000,2648.6600,2648.4400,2648.6000,50
2025-01-02 12:06:00,2648.6000,2648.7600,2648.5400,2648.7000,50
2025-01-02 12:07:00,2648.7000,2648.8600,2648.6400,2648.8000,50
2025-01-02 12:08:00,2648.8000,2648.9600,2648.7400,2648.9000,50
2025-01-02 12:09:00,2648.9000,2649.0600,2648.8400,2649.0000,50
2025-01-02 12:10:00,2649.0000,2649.1600,2648.9400,2649.1000,50
2025-01-02 12:11:00,2649.1000,2649.2600,2649.0400,2649.2000,50
2025-01-02 12:12:00,2649.2000,2649.3600,2649.1400,2649.3000,50
2025-01-02 12:13:00,2649.3000,2649.4600,2649.2400,2649.4000,50
2025-01-02 12:14:00,2649.4000,2649.5600,2649.3400,2649.5000,50
2025-01-02 12:15:00,2649.5000,2649.6600,2649.4400,2649.6000,50
2025-01-02 12:16:00,2649.6000,2649.7600,2649.5400,2649.7000,50
2025-01-02 12:17:00,2649.7000,2649.8600,2649.6400,2649.8000,50
2025-01-02 12:18:00,2649.8000,2649.9600,2649.7400,2649.9000,50
2025-01-02 12:19:00,2649.9000,2650.0600,2649.8400,2650.0000,50
2025-01-02 12:20:00,2650.0000,2650.1600,2649.9400,2650.1000,50
2025-01-02 12:21:00,2650.1000,2650.2600,2650.0400,2650.2000,50
2025-01-02 12:22:00,2650.2000,2650.3600,2650.1400,2650.3000,50
2025-01-02 12:23:00,2650.3000,2650.4600,2650.2400,2650.4000,50
2025-01-02 12:24:00,2650.4000,2650.5600,2650.3400,2650.5000,50
2025-01-02 12:25:00,2650.5000,2650.6600,2650.4400,2650.6000,50
2025-01-02 12:26:00,2650.6000,2650.7600,2650.5400,2650.7000,50
2025-01-02 12:27:00,2650.7000,2650.8600,2650.6400,2650.8000,50
2025-01-02 12:28:00,2650.8000,2650.9600,2650.7400,2650.9000,50
2025-01-02 12:29:00,2650.9000,2651.0600,2650.8400,2651.0000,50
2025-01-02 12:30:00,2651.0000,2651.1600,2650.9400,2651.1000,50
2025-01-02 12:31:00,2651.1000,2651.2600,2651.0400,2651.2000,50
2025-01-02 12:32:00,2651.2000,2651.3600,2651.1400,2651.3000,50
2025-01-02 12:33:00,2651.3000,2651.4600,2651.2400,2651.4000,50
2025-01-02 12:34:00,2651.4000,2651.5600,2651.3400,2651.5000,50
2025-01-02 12:35:00,2651.5000,2651.6600,2651.4400,2651.6000,50
2025-01-02 12:36:00,2651.6000,2651.7600,2651.5400,2651.7000,50
2025-01-02 12:37:00,2651.7000,2651.8600,2651.6400,2651.8000,50
2025-01-02 12:38:00,2651.8000,2651.9600,2651.7400,2651.9000,50
2025-01-02 12:39:00,2651.9000,2652.0600,2651.8400,2652.0000,50
2025-01-02 12:40:00,2652.0000,2652.1600,2651.9400,2652.1000,50
2025-01-02 12:41:00,2652.1000,2652.2600,2652.0400,2652.2000,50
2025-01-02 12:42:00,2652.2000,2652.3600,2652.1400,2652.3000,50
2025-01-02 12:43:00,2652.3000,2652.4600,2652.2400,2652.4000,50
2025-01-02 12:44:00,2652.4000,2652.5600,2652.3400,2652.5000,50
2025-01-02 12:45:00,2652.5000,2652.6600,2652.4400,2652.6000,50
2025-01-02 12:46:00,2652.6000,2652.7600,2652.5400,2652.7000,50
2025-01-02 12:47:00,2652.7000,2652.8600,2652.6400,2652.8000,50
2025-01-02 12:48:00,2652.8000,2652.9600,2652.7400,2652.9000,50
2025-01-02 12:49:00,2652.9000,2653.0600,2652.8400,2653.0000,50
2025-01-02 12:50:00,2653.0000,2653.1600,2652.9400,2653.1000,50
2025-01-02 12:51:00,2653.1000,2653.2600,2653.0400,2653.2000,50
2025-01-02 12:52:00,2653.2000,2653.3600,2653.1400,2653.3000,50
2025-01-02 12:53:00,2653.3000,2653.4600,2653.2400,2653.4000,50
2025-01-02 12:54:00,2653.4000,2653.5600,2653.3400,2653.5000,50
2025-01-02 12:55:00,2653.5000,2653.6600,2653.4400,2653.6000,50
2025-01-02 12:56:00,2653.6000,2653.7600,2653.5400,2653.7000,50
2025-01-02 12:57:00,2653.7000,2653.8600,2653.6400,2653.8000,50
2025-01-02 12:58:00,2653.8000,2653.9600,2653.7400,2653.9000,50
2025-01-02 12:59:00,2653.9000,2654.0600,2653.8400,2654.0000,50
2025-01-02 13:00:00,2654.0000,2654.1600,2653.9400,2654.1000,50
2025-01-02 13:01:00,2654.1000,2654.2600,2654.0400,2654.2000,50
2025-01-02 13:02:00,2654.2000,2654.3600,2654.1400,2654.3000,50
2025-01-02 13:03:00,2654.3000,2654.4600,2654.2400,2654.4000,50
2025-01-02 13:04:00,2654.4000,2654.5600,2654.3400,2654.5000,50
2025-01-02 13:05:00,2654.5000,2654.6600,2654.4400,2654.6000,50
2025-01-02 13:06:00,2654.6000,2654.7600,2654.5400,2654.7000,50
2025-01-02 13:07:00,2654.7000,2654.8600,2654.6400,2654.8000,50
2025-01-02 13:08:00,2654.8000,2654.9600,2654.7400,2654.9000,50
2025-01-02 13:09:00,2654.9000,2655.0600,2654.8400,2655.0000,50
2025-01-02 13:10:00,2655.0000,2655.1600,2654.9400,2655.1000,50
2025-01-02 13:11:00,2655.1000,2655.2600,2655.0400,2655.2000,50
2025-01-02 13:12:00,2655.2000,2655.3600,2655.1400,2655.3000,50
2025-01-02 13:13:00,2655.3000,2655.4600,2655.2400,2655.4000,50
2025-01-02 13:14:00,2655.4000,2655.5600,2655.3400,2655.5000,50
2025-01-02 13:15:00,2655.5000,2655.6600,2655.4400,2655.6000,50
2025-01-02 13:16:00,2655.6000,2655.7600,2655.5400,2655.7000,50
2025-01-02 13:17:00,2655.7000,2655.8600,2655.6400,2655.8000,50
2025-01-02 13:18:00,2655.8000,2655.9600,2655.7400,2655.9000,50
2025-01-02 13:19:00,2655.9000,2656.0600,2655.8400,2656.0000,50
2025-01-02 13:20:00,2656.0000,2656.1600,2655.9400,2656.1000,50
2025-01-02 13:21:00,2656.1000,2656.2600,2656.0400,2656.2000,50
2025-01-02 13:22:00,2656.2000,2656.3600,2656.1400,2656.3000,50
2025-01-02 13:23:00,2656.3000,2656.4600,2656.2400,2656.4000,50
2025-01-02 13:24:00,2656.4000,2656.5600,2656.3400,2656.5000,50
2025-01-02 13:25:00,2656.5000,2656.6600,2656.4400,2656.6000,50
2025-01-02 13:26:00,2656.6000,2656.7600,2656.5400,2656.7000,50
2025-01-02 13:27:00,2656.7000,2656.8600,2656.6400,2656.8000,50
2025-01-02 13:28:00,2656.8000,2656.9600,2656.7400,2656.9000,50
2025-01-02 13:29:00,2656.9000,2657.0600,2656.8400,2657.0000,50
2025-01-02 13:30:00,2657.0000,2657.1600,2656.9400,2657.1000,50
2025-01-02 13:31:00,2657.1000,2657.2600,2657.0400,2657.2000,50
2025-01-02 13:32:00,2657.2000,2657.3600,2657.1400,2657.3000,50
2025-01-02 13:33:00,2657.3000,2657.4600,2657.2400,2657.4000,50
2025-01-02 13:34:00,2657.4000,2657.5600,2657.3400,2657.5000,50
2025-01-02 13:35:00,2657.5000,2657.6600,2657.4400,2657.6000,50
2025-01-02 13:36:00,2657.6000,2657.7600,2657.5400,2657.7000,50
2025-01-02 13:37:00,2657.7000,2657.8600,2657.6400,2657.8000,50
2025-01-02 13:38:00,2657.8000,2657.9600,2657.7400,2657.9000,50
2025-01-02 13:39:00,2657.9000,2658.0600,2657.8400,2658.0000,50
2025-01-02 13:40:00,2658.0000,2658.1600,2657.9400,2658.1000,50
2025-01-02 13:41:00,2658.1000,2658.2600,2658.0400,2658.2000,50
2025-01-02 13:42:00,2658.2000,2658.3600,2658.1400,2658.3000,50
2025-01-02 13:43:00,2658.3000,2658.4600,2658.2400,2658.4000,50
2025-01-02 13:44:00,2658.4000,2658.5600,2658.3400,2658.5000,50
2025-01-02 13:45:00,2658.5000,2658.6600,2658.4400,2658.6000,50
2025-01-02 13:46:00,2658.6000,2658.7600,2658.5400,2658.7000,50
2025-01-02 13:47:00,2658.7000,2658.8600,2658.6400,2658.8000,50
2025-01-02 13:48:00,2658.8000,2658.9600,2658.7400,2658.9000,50
2025-01-02 13:49:00,2658.9000,2659.0600,2658.8400,2659.0000,50
2025-01-02 13:50:00,2659.0000,2659.1600,2658.9400,2659.1000,50
2025-01-02 13:51:00,2659.1000,2659.2600,2659.0400,2659.2000,50
2025-01-02 13:52:00,2659.2000,2659.3600,2659.1400,2659.3000,50
2025-01-02 13:53:00,2659.3000,2659.4600,2659.2400,2659.4000,50
2025-01-02 13:54:00,2659.4000,2659.5600,2659.3400,2659.5000,50
2025-01-02 13:55:00,2659.5000,2659.6600,2659.4400,2659.6000,50
2025-01-02 13:56:00,2659.6000,2659.7600,2659.5400,2659.7000,50
2025-01-02 13:57:00,2659.7000,2659.8600,2659.6400,2659.8000,50
2025-01-02 13:58:00,2659.8000,2659.9600,2659.7400,2659.9000,50
2025-01-02 13:59:00,2659.9000,2660.0600,2659.8400,2660.0000,50
